userId,name,level,joinDate
1,NovaByte82,14,2022-04-18 22:42:00
2,PixelKing47,11,2024-06-15 03:42:00
3,PixelBlade95,16,2023-03-27 02:42:00
4,PixelWraith95,15,2022-12-24 17:46:00
5,GhostFury8,3,2023-04-07 19:17:00
6,FlameFox98,6,2022-02-06 23:10:00
7,DragonZer034,15,2022-04-20 14:57:00
8,QuantumFury38,9,2024-05-13 22:49:00
9,QuantumFox40,4,2022-01-12 19:01:00
10,NovaSniper6,2,2023-07-10 02:30:00
11,FireZer092,18,2023-02-26 16:11:00
12,NovaClaw37,16,2023-07-03 06:16:00
13,LunaClaw5,20,2022-12-15 07:23:00
14,QuantumBlade37,12,2023-09-16 10:13:00
15,QuantumSniper4,18,2022-03-27 18:02:00
16,StormZer070,4,2023-03-23 10:45:00
17,PixelHunter42,1,2023-08-31 13:31:00
18,PixelStrike48,16,2022-12-17 03:39:00
19,RogueGhost46,13,2024-03-09 10:48:00
20,NovaByte11,18,2022-07-07 14:50:00
21,NovaClaw7,16,2022-08-06 09:29:00
22,ZeroKing19,6,2024-03-15 12:13:00
23,NovaBlade45,13,2022-09-19 01:45:00
24,ZeroKnight75,13,2022-03-13 17:16:00
25,AliceMage94,5,2023-01-23 14:14:00
26,ShadowRider40,5,2022-11-03 04:24:00
27,BladeBlade83,4,2024-02-04 00:42:00
28,AliceMage42,3,2023-09-21 08:02:00
29,DragonStrike13,2,2023-03-01 11:42:00
30,ShadowRider91,13,2023-04-06 19:31:00
31,NovaFury85,17,2022-01-24 18:49:00
32,PixelBlade31,6,2024-02-10 00:40:00
33,DarkZer02,20,2022-05-18 14:32:00
34,FireFury95,17,2022-09-13 17:01:00
35,RogueStrike63,1,2022-09-15 05:43:00
36,ShadowMage21,7,2024-03-07 21:22:00
37,ZeroFury55,17,2023-07-10 01:13:00
38,RogueByte52,9,2022-07-20 15:29:00
39,NebulaBlade23,20,2022-06-22 01:52:00
40,PixelWraith93,15,2023-12-08 22:22:00
41,RogueFox91,9,2024-06-03 21:00:00
42,RogueSniper93,5,2024-04-20 03:25:00
43,MysticHack14,20,2022-10-31 18:48:00
44,NebulaKing51,20,2022-05-06 23:16:00
45,AliceMage85,17,2022-09-28 13:37:00
46,DarkGhost89,11,2022-04-26 05:39:00
47,CyberBlade42,1,2024-02-09 05:44:00
48,CyberStrike85,2,2022-01-26 10:25:00
49,PixelFury74,12,2022-02-13 11:27:00
50,PixelByte97,6,2022-08-04 12:01:00
